ancien	nouveau	statut	cible_future
docs/pipeline/assets.md	docs/6-reference/arborescence.md	repris	6-reference/arborescence.md
docs/pipeline/textures.md	docs/4-technique/rendu.md	repris	4-technique/rendu.md
docs/pipeline/niveau-blender.md	docs/5-guides/modifier-le-niveau.md	repris	5-guides/modifier-le-niveau.md
docs/pipeline/harmonisation-assets.md	docs/4-technique/generateurs.md	repris	4-technique/generateurs.md
docs/game/niveau-v2-plan-de-masse.md	docs/2-fonctionnel/le-niveau.md	repris	2-fonctionnel/le-niveau.md
docs/game/niveau-hypermarche.md	docs/2-fonctionnel/le-niveau.md	repris	2-fonctionnel/le-niveau.md
docs/game/univers.md	docs/1-introduction/le-projet.md	repris	1-introduction/le-projet.md
docs/game/plan-prototype.md	docs/5-guides/reprendre-le-projet.md	repris	5-guides/reprendre-le-projet.md
docs/systems/joueur.md	docs/4-technique/joueur.md	repris	4-technique/joueur.md
docs/systems/debug.md	docs/4-technique/debug.md	repris	4-technique/debug.md
docs/systems/hud.md	docs/4-technique/interface-react.md	repris	4-technique/interface-react.md
docs/systems/armes.md	docs/4-technique/armes.md	repris	4-technique/armes.md
docs/systems/rendu.md	docs/4-technique/rendu.md	repris	4-technique/rendu.md
docs/systems/pathfinding.md	docs/4-technique/pathfinding.md	repris	4-technique/pathfinding.md
docs/systems/loop.md	docs/3-architecture/boucle-et-temps.md	repris	3-architecture/boucle-et-temps.md
docs/systems/boucle-de-jeu.md	docs/3-architecture/boucle-et-temps.md	repris	3-architecture/boucle-et-temps.md
docs/systems/hud-audio.md	docs/4-technique/audio-runtime.md	repris	4-technique/audio-runtime.md
docs/systems/physique.md	docs/4-technique/physique.md	repris	4-technique/physique.md
docs/systems/cout-de-rendu.md	docs/4-technique/budget-de-rendu.md	repris	4-technique/budget-de-rendu.md
docs/systems/entites.md	docs/4-technique/ennemis-et-ia.md	repris	4-technique/ennemis-et-ia.md
docs/systems/session.md	docs/3-architecture/cycle-de-vie.md	repris	3-architecture/cycle-de-vie.md
docs/assets/board-hypermarche.md	docs/journal/niveau-v2-2026-09.md	repris	journal/niveau-v2-2026-09.md
docs/assets/board-pistolet.md	docs/journal/playtests-2026-09.md	repris	journal/playtests-2026-09.md
docs/reference/react-structure.md	docs/6-reference/react-structure.md	repris	6-reference/react-structure.md
docs/reference/react-css.md	docs/6-reference/react-css.md	repris	6-reference/react-css.md
docs/reference/react-composition.md	docs/6-reference/react-composition.md	repris	6-reference/react-composition.md
docs/reference/react-bonnes-pratiques.md	docs/6-reference/react-bonnes-pratiques.md	repris	6-reference/react-bonnes-pratiques.md
docs/reference/controles.md	docs/6-reference/controles.md	repris	6-reference/controles.md
docs/reference/threejs-rapier.md	docs/6-reference/threejs-rapier.md	repris	6-reference/threejs-rapier.md
docs/reference/etat-des-lieux-code-architecture.md	docs/journal/audit-architecture-2026-09.md	repris	journal/audit-architecture-2026-09.md
docs/reference/conventions-nommage.md	docs/6-reference/conventions-nommage.md	repris	6-reference/conventions-nommage.md
docs/reference/valeurs-deplacement.md	docs/6-reference/valeurs-deplacement.md	repris	6-reference/valeurs-deplacement.md
docs/reference/valeurs-ennemis.md	docs/6-reference/valeurs-ennemis.md	repris	6-reference/valeurs-ennemis.md
docs/3-architecture/boucle-et-temps.md#enregistrement-et-rejeu-dinput	docs/archive/systems-boucle-de-jeu.md#enregistrement-et-rejeu-dinput	archive	docs/3-architecture/boucle-et-temps.md
docs/3-architecture/boucle-et-temps.md#entrée-synchronisée-au-pas-fixe	docs/archive/systems-boucle-de-jeu.md#entrée-synchronisée-au-pas-fixe	archive	docs/3-architecture/boucle-et-temps.md
docs/3-architecture/boucle-et-temps.md#filet-de-chute	docs/archive/systems-boucle-de-jeu.md#filet-de-chute	archive	docs/3-architecture/boucle-et-temps.md
docs/3-architecture/boucle-et-temps.md#fin-de-partie-pendant-le-pas-fixe	docs/archive/systems-boucle-de-jeu.md#fin-de-partie-pendant-le-pas-fixe	archive	docs/3-architecture/boucle-et-temps.md
docs/3-architecture/boucle-et-temps.md#frontière-effect-synchrone-du-pas-fixe	docs/archive/systems-boucle-de-jeu.md#frontière-effect-synchrone-du-pas-fixe	archive	docs/3-architecture/boucle-et-temps.md
docs/3-architecture/boucle-et-temps.md#mesure-des-temps-de-frame-loopstats	docs/archive/systems-boucle-de-jeu.md#mesure-des-temps-de-frame-loopstats	archive	docs/3-architecture/boucle-et-temps.md
docs/3-architecture/boucle-et-temps.md#ordre-de-la-frame-daffichage	docs/archive/systems-boucle-de-jeu.md#ordre-de-la-frame-daffichage	archive	docs/3-architecture/boucle-et-temps.md
docs/3-architecture/boucle-et-temps.md#ordre-des-callbacks	docs/archive/systems-boucle-de-jeu.md#ordre-des-callbacks	archive	docs/3-architecture/boucle-et-temps.md
docs/3-architecture/boucle-et-temps.md#origine-des-modules	docs/archive/systems-boucle-de-jeu.md#origine-des-modules	archive	docs/3-architecture/boucle-et-temps.md
docs/3-architecture/cycle-de-vie.md#cartes-de-fidélité	docs/archive/systems-session.md#cartes-de-fidélité	archive	docs/3-architecture/cycle-de-vie.md
docs/3-architecture/cycle-de-vie.md#choix-du-niveau-au-boot	docs/archive/systems-session.md#choix-du-niveau-au-boot	archive	docs/3-architecture/cycle-de-vie.md
docs/3-architecture/cycle-de-vie.md#construire-une-partie	docs/archive/systems-session.md#construire-une-partie	archive	docs/3-architecture/cycle-de-vie.md
docs/3-architecture/cycle-de-vie.md#démolir-une-partie	docs/archive/systems-session.md#démolir-une-partie	archive	docs/3-architecture/cycle-de-vie.md
docs/3-architecture/cycle-de-vie.md#feedback-joueur	docs/archive/systems-session.md#feedback-joueur	archive	docs/3-architecture/cycle-de-vie.md
docs/3-architecture/cycle-de-vie.md#harnais-f9-et-f10	docs/archive/systems-session.md#harnais-f9-et-f10	archive	docs/3-architecture/cycle-de-vie.md
docs/3-architecture/cycle-de-vie.md#létat-persistant-du-process-gameengine	docs/archive/systems-session.md#létat-persistant-du-process-gameengine	archive	docs/3-architecture/cycle-de-vie.md
docs/3-architecture/cycle-de-vie.md#létat-propre-à-une-partie-gamesession	docs/archive/systems-session.md#létat-propre-à-une-partie-gamesession	archive	docs/3-architecture/cycle-de-vie.md
docs/3-architecture/cycle-de-vie.md#origine-des-modules-gamesession	docs/archive/systems-session.md#origine-des-modules-gamesession	archive	docs/3-architecture/cycle-de-vie.md
docs/3-architecture/cycle-de-vie.md#pause	docs/archive/systems-session.md#pause	archive	docs/3-architecture/cycle-de-vie.md
docs/3-architecture/cycle-de-vie.md#portes-et-fin-de-niveau	docs/archive/systems-session.md#portes-et-fin-de-niveau	archive	docs/3-architecture/cycle-de-vie.md
docs/3-architecture/cycle-de-vie.md#rejouer-et-retour-au-menu	docs/archive/systems-session.md#rejouer-et-retour-au-menu	archive	docs/3-architecture/cycle-de-vie.md
docs/3-architecture/cycle-de-vie.md#récapitulatif-de-fin-de-partie	docs/archive/systems-session.md#récapitulatif-de-fin-de-partie	archive	docs/3-architecture/cycle-de-vie.md
docs/3-architecture/cycle-de-vie.md#savoir-si-le-monde-physique-est-vivant-isphysicssessionlive	docs/archive/systems-session.md#savoir-si-le-monde-physique-est-vivant-isphysicssessionlive	archive	docs/3-architecture/cycle-de-vie.md
docs/3-architecture/cycle-de-vie.md#spawn-et-chargement-de-niveau	docs/archive/systems-session.md#spawn-et-chargement-de-niveau	archive	docs/3-architecture/cycle-de-vie.md
docs/3-architecture/cycle-de-vie.md#un-type-intermédiaire-pour-éviter-une-dépendance-circulaire-persistentengine	docs/archive/systems-session.md#un-type-intermédiaire-pour-éviter-une-dépendance-circulaire-persistentengine	archive	docs/3-architecture/cycle-de-vie.md
docs/4-technique/armes.md#architecture-munitions-un-seul-pool	docs/archive/systems-armes.md#architecture-munitions-un-seul-pool	archive	docs/4-technique/armes.md
docs/4-technique/armes.md#confirmation-de-hit-à-lécran-hitmarker_variants	docs/archive/systems-armes.md#confirmation-de-hit-à-lécran-hitmarker_variants	archive	docs/4-technique/armes.md
docs/4-technique/armes.md#files-dévénements-de-frame-fireeventshitevents	docs/archive/systems-armes.md#files-dévénements-de-frame-fireeventshitevents	archive	docs/4-technique/armes.md
docs/4-technique/armes.md#hitstop-et-shake-murennemi-impact_variants	docs/archive/systems-armes.md#hitstop-et-shake-murennemi-impact_variants	archive	docs/4-technique/armes.md
docs/4-technique/armes.md#matériau-perçu-et-hitstop-murennemi	docs/archive/systems-armes.md#matériau-perçu-et-hitstop-murennemi	archive	docs/4-technique/armes.md
docs/4-technique/armes.md#pied-de-biche-portée-en-capsule	docs/archive/systems-armes.md#pied-de-biche-portée-en-capsule	archive	docs/4-technique/armes.md
docs/4-technique/armes.md#pistolet-2026-09-16	docs/archive/systems-armes.md#pistolet-2026-09-16	archive	docs/4-technique/armes.md
docs/4-technique/armes.md#recul-du-viewmodel-recoil_variants	docs/archive/systems-armes.md#recul-du-viewmodel-recoil_variants	archive	docs/4-technique/armes.md
docs/4-technique/armes.md#réticule-permanent-crosshair_variants	docs/archive/systems-armes.md#réticule-permanent-crosshair_variants	archive	docs/4-technique/armes.md
docs/4-technique/audio-runtime.md#assets-sonores	docs/archive/systems-hud-audio.md#assets-sonores	archive	docs/4-technique/audio-runtime.md
docs/4-technique/audio-runtime.md#boucle-deau-positionnelle	docs/archive/systems-hud-audio.md#boucle-deau-positionnelle	archive	docs/4-technique/audio-runtime.md
docs/4-technique/audio-runtime.md#ducking-pendant-les-répliques	docs/archive/systems-hud-audio.md#ducking-pendant-les-répliques	archive	docs/4-technique/audio-runtime.md
docs/4-technique/audio-runtime.md#musique-et-nappe-dambiance	docs/archive/systems-hud-audio.md#musique-et-nappe-dambiance	archive	docs/4-technique/audio-runtime.md
docs/4-technique/budget-de-rendu.md#ce-qui-ne-fusionne-jamais	docs/archive/systems-cout-de-rendu.md#ce-qui-ne-fusionne-jamais	archive	docs/4-technique/budget-de-rendu.md
docs/4-technique/budget-de-rendu.md#découpe-du-décor-en-cellules	docs/archive/systems-cout-de-rendu.md#découpe-du-décor-en-cellules	archive	docs/4-technique/budget-de-rendu.md
docs/4-technique/debug.md#champs-de-debugstate	docs/archive/systems-debug.md#champs-de-debugstate	archive	docs/4-technique/debug.md
docs/4-technique/debug.md#coût-de-rendu	docs/archive/systems-debug.md#coût-de-rendu	archive	docs/4-technique/debug.md
docs/4-technique/debug.md#origine-du-module-gamedevtools	docs/archive/systems-debug.md#origine-du-module-gamedevtools	archive	docs/4-technique/debug.md
docs/4-technique/debug.md#point-dentrée-console-windowcassandre	docs/archive/systems-debug.md#point-dentrée-console-windowcassandre	archive	docs/4-technique/debug.md
docs/4-technique/debug.md#simulation-hors-écran-et-preuve-de-déterminisme	docs/archive/systems-debug.md#simulation-hors-écran-et-preuve-de-déterminisme	archive	docs/4-technique/debug.md
docs/4-technique/ennemis-et-ia.md#carte-lâchée-par-le-directeur	docs/archive/systems-entites.md#carte-lâchée-par-le-directeur	archive	docs/4-technique/ennemis-et-ia.md
docs/4-technique/ennemis-et-ia.md#deux-catégories-de-données-dans-le-contexte-minuteurs-détat-et-mémoire-persistante	docs/archive/systems-entites.md#deux-catégories-de-données-dans-le-contexte-minuteurs-détat-et-mémoire-persistante	archive	docs/4-technique/ennemis-et-ia.md
docs/4-technique/ennemis-et-ia.md#la-machine-partagée-ce-quelle-porte-et-où-sarrête-sa-responsabilité	docs/archive/systems-entites.md#la-machine-partagée-ce-quelle-porte-et-où-sarrête-sa-responsabilité	archive	docs/4-technique/ennemis-et-ia.md
docs/4-technique/ennemis-et-ia.md#le-contrat-minimal-partagé-par-toute-entité-entity	docs/archive/systems-entites.md#le-contrat-minimal-partagé-par-toute-entité-entity	archive	docs/4-technique/ennemis-et-ia.md
docs/4-technique/ennemis-et-ia.md#les-managers-qui-pilotent-chaque-type-dennemi-suitmanager-et-directormanager	docs/archive/systems-entites.md#les-managers-qui-pilotent-chaque-type-dennemi-suitmanager-et-directormanager	archive	docs/4-technique/ennemis-et-ia.md
docs/4-technique/ennemis-et-ia.md#navigation	docs/archive/systems-entites.md#navigation	archive	docs/4-technique/ennemis-et-ia.md
docs/4-technique/ennemis-et-ia.md#pourquoi-le-calcul-de-transition-vit-hors-des-gardes-xstate	docs/archive/systems-entites.md#pourquoi-le-calcul-de-transition-vit-hors-des-gardes-xstate	archive	docs/4-technique/ennemis-et-ia.md
docs/4-technique/ennemis-et-ia.md#réassigner-létat-depuis-les-tests-sans-casser-lencapsulation	docs/archive/systems-entites.md#réassigner-létat-depuis-les-tests-sans-casser-lencapsulation	archive	docs/4-technique/ennemis-et-ia.md
docs/4-technique/ennemis-et-ia.md#suit-et-director-deux-fines-couches-au-dessus-de-la-machine-partagée	docs/archive/systems-entites.md#suit-et-director-deux-fines-couches-au-dessus-de-la-machine-partagée	archive	docs/4-technique/ennemis-et-ia.md
docs/4-technique/interface-react.md#composition-de-app	docs/archive/systems-hud.md#composition-de-app	archive	docs/4-technique/interface-react.md
docs/4-technique/interface-react.md#deux-canaux-de-message-hudmessage-et-heroline	docs/archive/systems-hud.md#deux-canaux-de-message-hudmessage-et-heroline	archive	docs/4-technique/interface-react.md
docs/4-technique/interface-react.md#hud-de-production	docs/archive/systems-hud.md#hud-de-production	archive	docs/4-technique/interface-react.md
docs/4-technique/interface-react.md#menu-principal-et-écran-de-choix-de-niveau	docs/archive/systems-hud.md#menu-principal-et-écran-de-choix-de-niveau	archive	docs/4-technique/interface-react.md
docs/4-technique/interface-react.md#options-contrôles-et-affichage	docs/archive/systems-hud.md#options-contrôles-et-affichage	archive	docs/4-technique/interface-react.md
docs/4-technique/interface-react.md#panneau-de-tuning-à-chaud	docs/archive/systems-hud.md#panneau-de-tuning-à-chaud	archive	docs/4-technique/interface-react.md
docs/4-technique/interface-react.md#écran-de-chargement	docs/archive/systems-hud.md#écran-de-chargement	archive	docs/4-technique/interface-react.md
docs/4-technique/interface-react.md#écrans-de-mort-et-de-fin-de-niveau	docs/archive/systems-hud.md#écrans-de-mort-et-de-fin-de-niveau	archive	docs/4-technique/interface-react.md
docs/4-technique/joueur.md#distinction-mur-sol-pente-reclip-anti-vitesse-fantôme	docs/archive/systems-joueur.md#distinction-mur-sol-pente-reclip-anti-vitesse-fantôme	archive	docs/4-technique/joueur.md
docs/4-technique/joueur.md#harnais-ab-feel_variants	docs/archive/systems-joueur.md#harnais-ab-feel_variants	archive	docs/4-technique/joueur.md
docs/4-technique/joueur.md#rampe-linéaire-pas-exponentielle-approach	docs/archive/systems-joueur.md#rampe-linéaire-pas-exponentielle-approach	archive	docs/4-technique/joueur.md
docs/4-technique/joueur.md#résolution-du-pas-fixe	docs/archive/systems-joueur.md#résolution-du-pas-fixe	archive	docs/4-technique/joueur.md
docs/4-technique/joueur.md#une-vitesse-de-collage-au-sol-volontairement-faible-groundstickspeed	docs/archive/systems-joueur.md#une-vitesse-de-collage-au-sol-volontairement-faible-groundstickspeed	archive	docs/4-technique/joueur.md
docs/4-technique/joueur.md#vue-head-bob-fov-dynamique-réception-de-saut	docs/archive/systems-joueur.md#vue-head-bob-fov-dynamique-réception-de-saut	archive	docs/4-technique/joueur.md
docs/4-technique/pathfinding.md#comment-le-graphe-est-construit	docs/archive/systems-pathfinding.md#comment-le-graphe-est-construit	archive	docs/4-technique/pathfinding.md
docs/4-technique/pathfinding.md#la-marche-verticale-maximale-entre-deux-cellules-reliées-max_step_height	docs/archive/systems-pathfinding.md#la-marche-verticale-maximale-entre-deux-cellules-reliées-max_step_height	archive	docs/4-technique/pathfinding.md
docs/4-technique/pathfinding.md#limite-verticale-acceptée	docs/archive/systems-pathfinding.md#limite-verticale-acceptée	archive	docs/4-technique/pathfinding.md
docs/4-technique/physique.md#colliders-invisibles-aux-rayons-avant-le-premier-pas	docs/archive/systems-physique.md#colliders-invisibles-aux-rayons-avant-le-premier-pas	archive	docs/4-technique/physique.md
docs/4-technique/physique.md#props-dynamiques	docs/archive/systems-physique.md#props-dynamiques	archive	docs/4-technique/physique.md
docs/4-technique/physique.md#service-de-raycasting-raycastservice	docs/archive/systems-physique.md#service-de-raycasting-raycastservice	archive	docs/4-technique/physique.md
docs/4-technique/rendu.md#animation-des-sprites-dennemis	docs/archive/systems-rendu.md#animation-des-sprites-dennemis	archive	docs/4-technique/rendu.md
docs/4-technique/rendu.md#armes-au-sol-2026-09-25	docs/archive/systems-rendu.md#armes-au-sol-2026-09-25	archive	docs/4-technique/rendu.md
docs/4-technique/rendu.md#atlas-placeholder-de-billboard	docs/archive/pipeline-textures.md#atlas-placeholder-de-billboard	archive	docs/4-technique/rendu.md
docs/4-technique/rendu.md#bascule-wireframe-de-debug	docs/archive/systems-rendu.md#bascule-wireframe-de-debug	archive	docs/4-technique/rendu.md
docs/4-technique/rendu.md#ciel	docs/archive/systems-rendu.md#ciel	archive	docs/4-technique/rendu.md
docs/4-technique/rendu.md#découplage-entre-render-et-game	docs/archive/systems-rendu.md#découplage-entre-render-et-game	archive	docs/4-technique/rendu.md
docs/4-technique/rendu.md#effets-visuels-de-tir-fxsystem	docs/archive/systems-rendu.md#effets-visuels-de-tir-fxsystem	archive	docs/4-technique/rendu.md
docs/4-technique/rendu.md#filtrage-des-textures	docs/archive/systems-rendu.md#filtrage-des-textures	archive	docs/4-technique/rendu.md
docs/4-technique/rendu.md#gizmos-balistiques-de-debug	docs/archive/systems-rendu.md#gizmos-balistiques-de-debug	archive	docs/4-technique/rendu.md
docs/4-technique/rendu.md#invariant-5-reconversion-depuis-gltfloader	docs/archive/systems-rendu.md#invariant-5-reconversion-depuis-gltfloader	archive	docs/4-technique/rendu.md
docs/4-technique/rendu.md#le-mesh-darme-affiché-à-lécran-viewmodel	docs/archive/systems-rendu.md#le-mesh-darme-affiché-à-lécran-viewmodel	archive	docs/4-technique/rendu.md
docs/4-technique/rendu.md#overlays-canvas-2d-hors-react-réticule-et-hitmarker	docs/archive/systems-rendu.md#overlays-canvas-2d-hors-react-réticule-et-hitmarker	archive	docs/4-technique/rendu.md
docs/4-technique/rendu.md#sprites-billboard-8-directions	docs/archive/systems-rendu.md#sprites-billboard-8-directions	archive	docs/4-technique/rendu.md
docs/4-technique/rendu.md#temps-réel-contre-pas-fixe-dans-render	docs/archive/systems-rendu.md#temps-réel-contre-pas-fixe-dans-render	archive	docs/4-technique/rendu.md
docs/4-technique/rendu.md#éclairage-de-scène-selon-le-niveau	docs/archive/systems-rendu.md#éclairage-de-scène-selon-le-niveau	archive	docs/4-technique/rendu.md
docs/4-technique/rendu.md#éclairage-des-sprites	docs/archive/systems-rendu.md#éclairage-des-sprites	archive	docs/4-technique/rendu.md
docs/4-technique/rendu.md#éclairage-hybride-lampes-temps-réel-ombre-cuite	docs/archive/systems-rendu.md#éclairage-hybride-lampes-temps-réel-ombre-cuite	archive	docs/4-technique/rendu.md
docs/5-guides/modifier-le-niveau.md#convention-spawn_player	docs/archive/pipeline-niveau-blender.md#convention-spawn_player	archive	docs/5-guides/modifier-le-niveau.md
docs/5-guides/modifier-le-niveau.md#cycle-de-vie-du-levelhandle	docs/archive/pipeline-niveau-blender.md#cycle-de-vie-du-levelhandle	archive	docs/5-guides/modifier-le-niveau.md
docs/5-guides/modifier-le-niveau.md#extraction-et-le-piège-des-transforms	docs/archive/pipeline-niveau-blender.md#extraction-et-le-piège-des-transforms	archive	docs/5-guides/modifier-le-niveau.md
docs/5-guides/modifier-le-niveau.md#fusion-du-décor-statique	docs/archive/pipeline-niveau-blender.md#fusion-du-décor-statique	archive	docs/5-guides/modifier-le-niveau.md
docs/5-guides/modifier-le-niveau.md#hiérarchie-des-colliders	docs/archive/pipeline-niveau-blender.md#hiérarchie-des-colliders	archive	docs/5-guides/modifier-le-niveau.md
docs/5-guides/modifier-le-niveau.md#hot-reload	docs/archive/pipeline-niveau-blender.md#hot-reload	archive	docs/5-guides/modifier-le-niveau.md
docs/5-guides/modifier-le-niveau.md#le-nom-tel-que-tapé-dans-blender	docs/archive/pipeline-niveau-blender.md#le-nom-tel-que-tapé-dans-blender	archive	docs/5-guides/modifier-le-niveau.md
docs/5-guides/modifier-le-niveau.md#objets-interactifs	docs/archive/pipeline-niveau-blender.md#objets-interactifs	archive	docs/5-guides/modifier-le-niveau.md
docs/5-guides/modifier-le-niveau.md#piège-instancing-vs-bake	docs/archive/pipeline-niveau-blender.md#piège-instancing-vs-bake	archive	docs/5-guides/modifier-le-niveau.md
docs/6-reference/arborescence.md#chemins-des-assets-au-déploiement	docs/archive/pipeline-assets.md#chemins-des-assets-au-déploiement	archive	docs/6-reference/arborescence.md
docs/6-reference/controles.md#limite-libellés-de-touches-en-azerty	docs/archive/reference-controles.md#limite-libellés-de-touches-en-azerty	archive	docs/6-reference/controles.md
docs/6-reference/controles.md#persistance-et-couche-par-action	docs/archive/reference-controles.md#persistance-et-couche-par-action	archive	docs/6-reference/controles.md
docs/6-reference/controles.md#pourquoi-ça-marche-déjà-en-azerty	docs/archive/reference-controles.md#pourquoi-ça-marche-déjà-en-azerty	archive	docs/6-reference/controles.md
docs/6-reference/controles.md#touches-de-dev	docs/archive/reference-controles.md#touches-de-dev	archive	docs/6-reference/controles.md
docs/6-reference/conventions-nommage.md#boîtes-de-munitions	docs/archive/reference-conventions-nommage.md#boîtes-de-munitions	archive	docs/6-reference/conventions-nommage.md
docs/6-reference/conventions-nommage.md#cartes-de-fidélité	docs/archive/reference-conventions-nommage.md#cartes-de-fidélité	archive	docs/6-reference/conventions-nommage.md
docs/6-reference/conventions-nommage.md#portes-animées	docs/archive/reference-conventions-nommage.md#portes-animées	archive	docs/6-reference/conventions-nommage.md
docs/6-reference/conventions-nommage.md#props-physiques	docs/archive/reference-conventions-nommage.md#props-physiques	archive	docs/6-reference/conventions-nommage.md
docs/6-reference/conventions-nommage.md#préfixe-cam	docs/archive/reference-conventions-nommage.md#préfixe-cam	archive	docs/6-reference/conventions-nommage.md
docs/6-reference/conventions-nommage.md#préfixe-ecran	docs/archive/reference-conventions-nommage.md#préfixe-ecran	archive	docs/6-reference/conventions-nommage.md
docs/6-reference/conventions-nommage.md#préfixe-sanitaire	docs/archive/reference-conventions-nommage.md#préfixe-sanitaire	archive	docs/6-reference/conventions-nommage.md
docs/6-reference/conventions-nommage.md#préfixe-vitre	docs/archive/reference-conventions-nommage.md#préfixe-vitre	archive	docs/6-reference/conventions-nommage.md
docs/6-reference/conventions-nommage.md#trousses-de-soin	docs/archive/reference-conventions-nommage.md#trousses-de-soin	archive	docs/6-reference/conventions-nommage.md
docs/6-reference/valeurs-deplacement.md#impact	docs/archive/reference-valeurs-deplacement.md#impact	archive	docs/6-reference/valeurs-deplacement.md
docs/6-reference/valeurs-ennemis.md#badge-du-directeur	docs/archive/reference-valeurs-ennemis.md#badge-du-directeur	archive	docs/6-reference/valeurs-ennemis.md
docs/6-reference/valeurs-ennemis.md#feedback-visuel-dun-coup-reçu-par-un-ennemi	docs/archive/reference-valeurs-ennemis.md#feedback-visuel-dun-coup-reçu-par-un-ennemi	archive	docs/6-reference/valeurs-ennemis.md
docs/6-reference/valeurs-ennemis.md#variantes-de-flash-costard-harnais-ab	docs/archive/reference-valeurs-ennemis.md#variantes-de-flash-costard-harnais-ab	archive	docs/6-reference/valeurs-ennemis.md
docs/6-reference/valeurs-ennemis.md#variantes-de-knockback-costard-harnais-ab	docs/archive/reference-valeurs-ennemis.md#variantes-de-knockback-costard-harnais-ab	archive	docs/6-reference/valeurs-ennemis.md
docs/6-reference/valeurs-ennemis.md#vie	docs/archive/reference-valeurs-ennemis.md#vie	archive	docs/6-reference/valeurs-ennemis.md
